id,date,price,bedrooms,bathrooms,sqft_living,sqft_lot,floors,waterfront,view,condition,grade,sqft_above,sqft_basement,yr_built,yr_renovated,zipcode,lat,long,sqft_living15,sqft_lot15
4139420190,20150512T000000,2.48E+06,4,5,5310,16909,1,0,4,3,12,3090,2220,1992,0,98006,47.5515,-122.113,5220,15701
2424059174,20150508T000000,2.00E+06,4,3.25,5640,35006,2,0,2,3,11,4900,740,2015,0,98006,47.5491,-122.104,4920,35033
6065300370,20150506T000000,4.21E+06,5,6,7440,21540,2,0,0,3,12,5550,1890,2003,0,98006,47.5692,-122.189,4740,19329
2141310540,20150506T000000,975000,5,2.5,3020,9648,1,0,2,4,9,1980,1040,1977,0,98006,47.5586,-122.134,2890,12598
1777600450,20150505T000000,730000,5,3,2500,11779,1,0,0,4,8,1550,950,1971,0,98006,47.5696,-122.127,2580,12055
6072300800,20150505T000000,595000,4,1.75,2510,8989,1,0,0,4,8,1680,830,1964,0,98006,47.5569,-122.172,2510,8931
4139660430,20150505T000000,1.20E+06,5,3,3640,28531,2,0,0,3,10,3640,0,1996,0,98006,47.5502,-122.13,3330,17186
6705120100,20150504T000000,460000,3,2.25,1453,2225,2,0,0,4,8,1453,0,1986,0,98006,47.5429,-122.188,1860,2526
6065300840,20150501T000000,2.85E+06,4,4,5040,17208,1,0,0,5,10,2870,2170,1976,0,98006,47.5701,-122.188,4050,18647
2206900065,20150501T000000,380000,3,1.5,1430,11173,1,0,0,1,7,1430,0,1955,0,98006,47.5734,-122.153,1520,11659
2600110250,20150430T000000,840000,4,2.5,2170,9796,1,0,0,4,8,1650,520,1980,0,98006,47.5505,-122.152,2350,9796
6071400710,20150429T000000,648000,3,1.75,1610,10229,1,0,0,5,8,1610,0,1961,0,98006,47.553,-122.174,2270,8800
9346950050,20150429T000000,625000,3,2.5,2120,10021,1,0,0,4,8,1230,890,1976,0,98006,47.5621,-122.135,2690,10183
2024059058,20150428T000000,978000,4,2.75,2890,7821,2,0,0,3,9,2890,0,2014,0,98006,47.554,-122.189,2890,10108
6072800170,20150428T000000,2.50E+06,4,4,3330,24354,1,0,0,4,10,3330,0,1961,0,98006,47.5708,-122.192,3880,25493
3447000090,20150428T000000,653000,3,2.25,2800,17300,1,0,0,4,8,1420,1380,1971,0,98006,47.5716,-122.128,2140,12650
4128500380,20150427T000000,1.20E+06,4,2.5,4280,12796,2,0,0,3,11,3400,880,1999,0,98006,47.5588,-122.124,3520,9593
7805460760,20150427T000000,885000,3,2.5,2880,11443,2,0,0,4,9,2880,0,1986,0,98006,47.5633,-122.111,2840,12530
1777500160,20150425T000000,718000,5,3,3070,9804,1,0,0,4,9,1740,1330,1968,0,98006,47.5702,-122.128,2550,9689
2141300080,20150424T000000,707000,5,2.5,3050,13212,1,0,0,4,8,1590,1460,1975,0,98006,47.5596,-122.142,2550,10826
6072650250,20150424T000000,555000,4,2.25,2220,8125,1,0,0,4,8,1450,770,1965,0,98006,47.5429,-122.177,1980,8700
2597520790,20150423T000000,765000,3,2.5,2310,11993,2,0,0,3,9,2310,0,1988,0,98006,47.5438,-122.139,2830,10031
6308000010,20150423T000000,585000,3,2.5,2290,5089,2,0,0,3,9,2290,0,2001,0,98006,47.5443,-122.172,2290,7984
3447000100,20150422T000000,645000,4,2.5,2250,10696,2,0,0,3,8,2250,0,1996,0,98006,47.5715,-122.128,2340,13286
2206700215,20150422T000000,550000,4,2,2070,9822,1,0,0,5,7,2070,0,1955,0,98006,47.566,-122.14,1300,9572
1324059104,20150421T000000,691100,3,2.75,2360,16117,1,0,0,4,8,1710,650,1983,0,98006,47.5698,-122.121,2120,16117
9552700550,20150421T000000,750000,3,2.5,2360,12987,2,0,0,3,8,2360,0,1983,0,98006,47.5471,-122.149,2480,11665
713500020,20150421T000000,1.39E+06,4,4.5,4490,24767,2,0,2,3,11,3800,690,1998,0,98006,47.5544,-122.147,3370,32700
6067900640,20150420T000000,391000,3,2,1490,9000,1,0,0,4,8,1490,0,1977,0,98006,47.5455,-122.184,2190,9000
2024059110,20150420T000000,925000,3,3.25,4110,20900,2,0,0,3,9,2630,1480,2002,0,98006,47.5506,-122.187,2640,14700
4139900180,20150420T000000,2.34E+06,4,2.5,4500,35200,1,0,0,3,13,4500,0,1988,0,98006,47.5477,-122.126,4760,35200
4139430310,20150419T000000,938000,3,2.5,3090,10940,2,0,2,3,10,3090,0,1992,0,98006,47.5492,-122.119,3410,12157
6072600200,20150417T000000,470500,5,2.5,2500,9248,1,0,0,3,8,1300,1200,1966,0,98006,47.5415,-122.18,2090,8568
4134300175,20150417T000000,1.85E+06,4,2.5,4120,14866,1,1,4,3,8,2070,2050,1965,0,98006,47.5571,-122.193,3620,19729
6072300110,20150416T000000,550000,3,1.75,1940,8376,1,0,0,4,8,1290,650,1963,0,98006,47.5586,-122.173,2400,8674
2141310020,20150416T000000,779000,5,2.25,2830,7738,2,0,0,4,8,2830,0,1977,0,98006,47.5582,-122.136,2300,9840
6071900130,20150415T000000,550000,3,1.75,1670,10798,1,0,0,4,8,1670,0,1962,0,98006,47.549,-122.17,2290,10798
2600010070,20150414T000000,998000,3,2.25,3370,11757,2,0,2,4,9,3370,0,1980,0,98006,47.5573,-122.16,2690,10500
7856620910,20150414T000000,627500,4,2.5,2540,11500,1,0,0,4,8,1640,900,1979,0,98006,47.5609,-122.15,2820,9800
6073200020,20150413T000000,485000,3,1,1020,9835,1,0,0,5,7,1020,0,1955,0,98006,47.5728,-122.179,1210,9622
7856700060,20150413T000000,893880,6,2.5,2820,8600,1,0,0,5,8,1430,1390,1967,0,98006,47.565,-122.144,2070,8900
2141320230,20150410T000000,710000,4,2.25,2000,8068,2,0,0,5,8,2000,0,1976,0,98006,47.5584,-122.137,2080,7837
2600140070,20150409T000000,1.03E+06,4,3,3540,10202,2,0,0,3,8,2720,820,1988,0,98006,47.5471,-122.155,2780,10714
4139400060,20150409T000000,845000,4,2.5,2970,9072,2,0,0,3,10,2970,0,1991,0,98006,47.562,-122.114,2740,8729
3303850290,20150409T000000,1.40E+06,5,4,4700,22326,2,0,0,3,11,4700,0,2002,0,98006,47.5417,-122.111,4730,27110
6071200195,20150408T000000,621000,4,2.5,2030,9905,1,0,0,4,8,2030,0,1959,0,98006,47.5518,-122.184,2130,10008
6072100790,20150408T000000,648000,5,2.25,2410,12000,2,0,0,4,8,2410,0,1973,0,98006,47.5434,-122.175,2080,12000
3864000120,20150408T000000,1.18E+06,4,3.25,3780,10099,1,0,1,3,11,2240,1540,2006,0,98006,47.5508,-122.192,3120,10669
9293000170,20150408T000000,800000,5,2.5,3410,4726,2,0,0,3,9,3410,0,2007,0,98006,47.5459,-122.184,2810,5129
8965460090,20150407T000000,920000,4,3,3130,12381,2,0,0,3,9,3130,0,1995,0,98006,47.5599,-122.118,3250,10049
1854750030,20150407T000000,1.16E+06,3,3.5,3620,8072,2,0,0,3,10,2920,700,1999,0,98006,47.5646,-122.127,3680,9624
6072760390,20150407T000000,547500,4,2.5,2610,7254,1,0,0,2,8,1610,1000,1975,0,98006,47.5618,-122.176,2250,7407
2201500490,20150406T000000,435000,3,1,950,10080,1,0,0,4,7,950,0,1954,0,98006,47.572,-122.139,1060,10000
6072650290,20150406T000000,560000,3,1.75,2340,12443,1.5,0,0,4,8,2340,0,1965,0,98006,47.5432,-122.177,1970,9600
6308000020,20150403T000000,590000,3,2.5,2290,4203,2,0,0,3,9,2290,0,2001,0,98006,47.5441,-122.172,2290,5089
2205700180,20150403T000000,545000,3,2,1610,8069,1,0,0,5,7,1090,520,1955,0,98006,47.5754,-122.15,1510,8803
3655500030,20150403T000000,719000,3,3.5,2540,10578,2,0,1,3,9,2010,530,2014,0,98006,47.547,-122.192,3240,9831
7855801670,20150401T000000,2.25E+06,4,3.25,5180,19850,2,0,3,3,12,3540,1640,2006,0,98006,47.562,-122.162,3160,9750
3447000030,20150401T000000,510000,3,2,1410,11995,1,0,0,4,8,1410,0,1965,0,98006,47.5718,-122.127,2690,12650
4139910160,20150401T000000,1.60E+06,5,3.25,4320,32840,2,0,0,3,12,4320,0,1990,0,98006,47.5461,-122.122,4410,33210
6705120280,20150331T000000,428000,2,2.5,1414,1960,2,0,0,3,8,1414,0,1986,0,98006,47.5423,-122.189,1414,2511
4139430250,20150330T000000,1.44E+06,4,3.5,4970,16582,2,0,3,4,11,3930,1040,1992,0,98006,47.5496,-122.12,3580,13335
9346910500,20150330T000000,700000,3,2.5,2060,10650,1,0,0,5,8,1050,1010,1976,0,98006,47.5627,-122.137,2690,8850
9286000150,20150330T000000,1.13E+06,6,4,5330,18116,2,0,0,3,11,3950,1380,2000,0,98006,47.5503,-122.137,4590,16900
7855600080,20150330T000000,750000,3,1.75,2770,15232,1,0,0,3,8,1570,1200,1976,0,98006,47.5706,-122.16,2340,11400
3343301393,20150330T000000,789888,5,3.5,3300,7860,2,0,0,3,9,2410,890,2001,0,98006,47.5463,-122.192,2540,9920
6071800100,20150327T000000,815000,6,3,2860,17853,1,0,0,3,8,1430,1430,1962,2015,98006,47.546,-122.175,1920,13452
6071800480,20150327T000000,271950,3,1.5,1220,8400,1,0,0,4,7,1220,0,1962,0,98006,47.5467,-122.173,2110,9119
8965500320,20150326T000000,780000,4,2.25,2260,16188,1,0,0,3,10,2260,0,1984,0,98006,47.5637,-122.112,2840,10158
2600010220,20150326T000000,1.25E+06,4,2.5,4040,11350,2,0,2,4,10,3690,350,1984,0,98006,47.559,-122.162,3770,12382
4139460200,20150325T000000,905000,4,2.5,3330,9557,2,0,0,3,10,3330,0,1995,0,98006,47.5526,-122.102,3360,9755
6067910130,20150325T000000,526000,3,2.25,2000,18099,1,0,0,4,8,1250,750,1978,0,98006,47.5443,-122.18,2060,12000
1687900170,20150325T000000,648000,4,2.25,2170,8240,2,0,1,4,8,2170,0,1983,0,98006,47.5634,-122.128,2600,9898
7856601110,20150325T000000,945800,4,2.75,3360,9100,1,0,0,4,8,1760,1600,1973,0,98006,47.5641,-122.149,2620,8925
1836980160,20150324T000000,807100,4,2.5,2680,4499,2,0,0,3,9,2680,0,1999,0,98006,47.565,-122.125,2920,4500
2592201350,20150324T000000,823000,3,2.5,2560,9825,2,0,0,4,9,2560,0,1988,0,98006,47.5497,-122.145,2710,12034
7856400300,20150322T000000,1.51E+06,2,2.5,3180,9400,2,0,4,5,10,2610,570,1985,0,98006,47.5617,-122.158,3760,9450
7855800910,20150321T000000,871000,4,2.5,2150,8536,1,0,3,4,8,1400,750,1967,0,98006,47.5663,-122.163,2800,9500
6072760360,20150321T000000,665000,4,2.25,2650,8149,1,0,0,4,8,1610,1040,1975,0,98006,47.5624,-122.176,2290,8019
7855300200,20150319T000000,1.24E+06,4,2.75,2680,8500,1,0,4,4,9,1480,1200,1962,0,98006,47.5634,-122.156,2940,8650
2597530070,20150318T000000,850000,3,2.5,2940,10809,2,0,0,3,10,2940,0,1992,0,98006,47.5418,-122.136,3090,10348
1424059130,20150318T000000,247500,3,0.75,1300,72309,1,0,0,3,6,680,620,1950,1987,98006,47.567,-122.124,3080,8395
7856560320,20150317T000000,962000,4,2.25,3320,20100,1,0,0,4,8,1810,1510,1981,0,98006,47.5566,-122.153,2450,9821
8965500020,20150317T000000,780000,3,2.5,2110,9773,1,0,0,3,9,2110,0,1986,0,98006,47.5628,-122.115,2560,11787
6067910030,20150316T000000,664000,4,2.75,2510,11880,1,0,0,5,8,1630,880,1978,0,98006,47.5427,-122.181,2390,11211
2597460090,20150316T000000,1.20E+06,3,2.25,3070,9645,2,0,0,3,10,2110,960,1987,0,98006,47.5522,-122.144,3130,9450
9552701000,20150316T000000,818000,4,2.25,2460,8001,2,0,0,4,8,2460,0,1984,0,98006,47.548,-122.154,2460,9126
7805450040,20150316T000000,915557,5,3.25,3740,11536,2,0,0,4,9,2540,1200,1984,0,98006,47.5599,-122.108,2920,11258
2024059084,20150313T000000,625000,4,2.75,2290,21486,1,0,2,5,7,2290,0,1963,0,98006,47.5515,-122.189,2540,15936
643300040,20150313T000000,719521,4,1.75,1920,9500,1,0,0,4,7,1470,450,1966,0,98006,47.5683,-122.177,1820,10091
2597450120,20150312T000000,965000,5,2.75,3280,12673,1,0,0,4,9,2050,1230,1981,0,98006,47.5504,-122.146,3060,12847
7856410020,20150309T000000,998160,2,2.5,3010,16050,1,0,3,4,9,1260,1750,1976,0,98006,47.5643,-122.16,3010,11612
2600010360,20150309T000000,440000,3,2,1800,10950,1,0,0,4,8,1800,0,1982,0,98006,47.557,-122.163,2400,11300
3343302110,20150306T000000,1.80E+06,3,3,2790,13295,2,1,4,4,10,2370,420,1933,1989,98006,47.5466,-122.197,3140,11949
4139500200,20150305T000000,1.38E+06,6,4.5,5740,10312,2,0,2,3,11,3610,2130,2000,0,98006,47.5533,-122.11,4350,11917
2202500255,20150305T000000,335000,3,2,1210,9926,1,0,0,4,7,1210,0,1954,2015,98006,47.5731,-122.135,1690,9737
2201500680,20150305T000000,501000,3,1.75,1480,8667,1,0,0,5,7,740,740,1954,0,98006,47.5718,-122.136,1600,10644
1999600320,20150304T000000,729000,3,2.5,2480,7428,2,0,0,3,9,2480,0,1990,0,98006,47.5489,-122.185,2600,8322
2911700010,20150303T000000,1.08E+06,3,2.5,2240,21477,2,0,2,3,8,2240,0,1995,0,98006,47.5745,-122.18,2930,21569
3343301920,20150302T000000,1.65E+06,3,2.75,2690,8890,2,1,4,4,10,2690,0,1975,1991,98006,47.5487,-122.197,2940,8890
4139910030,20150302T000000,1.30E+06,5,2.5,4170,33310,2,0,0,4,11,4170,0,1991,0,98006,47.5455,-122.126,4670,37960
6071600370,20150227T000000,500000,4,2.25,2030,8517,1,0,0,4,8,1380,650,1961,0,98006,47.5495,-122.174,2230,8824
7856620050,20150225T000000,822000,3,2,2410,13300,2,0,0,3,9,1840,570,1985,0,98006,47.5632,-122.148,2930,10900
4139440730,20150225T000000,728935,4,2.5,2980,10194,2,0,0,3,9,2980,0,1993,0,98006,47.5515,-122.12,2980,10053
7805460030,20150223T000000,615000,3,2.5,2250,10171,2,0,0,3,9,2250,0,1987,0,98006,47.5613,-122.11,2440,13390
7856601040,20150220T000000,745000,4,1.75,1990,8900,1,0,0,4,8,1990,0,1972,0,98006,47.5639,-122.149,2620,8925
7855000325,20150220T000000,1.05E+06,4,3,3080,10757,2,0,3,5,8,3080,0,1961,0,98006,47.5671,-122.159,2810,10757
3864000090,20150219T000000,858000,5,3,3620,12778,1,0,2,5,8,1900,1720,1964,0,98006,47.5512,-122.191,2930,10669
4036100175,20150219T000000,689000,4,2.5,2440,11700,1,0,0,5,8,1480,960,1961,0,98006,47.5606,-122.184,2140,10807
2424059170,20150219T000000,900000,5,6,7120,40806,2,0,4,3,12,5480,1640,2007,0,98006,47.5451,-122.114,3440,36859
8965450190,20150218T000000,295000,3,2.5,1500,3060,2,0,0,3,7,1500,0,1994,0,98006,47.5605,-122.117,2700,7734
2203500570,20150217T000000,437000,4,1.75,1700,10642,1,0,0,4,7,850,850,1954,0,98006,47.5674,-122.142,1610,11200
2592210510,20150217T000000,850000,3,2.5,3120,12406,2,0,2,3,9,1940,1180,1983,0,98006,47.5507,-122.141,3240,13141
1777600210,20150217T000000,590000,4,2.25,2530,10611,1,0,0,5,8,1320,1210,1977,0,98006,47.5698,-122.132,2530,10125
8081020380,20150217T000000,1.20E+06,4,2.5,3350,11688,1,0,2,3,10,1760,1590,1995,0,98006,47.5507,-122.133,4240,10804
8965500900,20150213T000000,725000,3,2.5,2090,9847,2,0,2,3,9,2090,0,1983,0,98006,47.5651,-122.114,2860,11483
6070800050,20150213T000000,710000,3,2.5,2330,9160,2,0,0,3,9,2330,0,1997,0,98006,47.5467,-122.181,2460,9160
2600100370,20150211T000000,723000,4,2,2790,8793,1,0,0,4,8,1640,1150,1977,0,98006,47.5509,-122.16,2400,9286
7856400240,20150211T000000,1.65E+06,4,3,3900,9750,1,0,4,5,10,2520,1380,1972,0,98006,47.5605,-122.158,3410,9450
9323600280,20150211T000000,822600,4,2.5,3010,9600,1,0,2,3,9,1510,1500,1979,0,98006,47.5519,-122.156,2780,10000
4139910250,20150210T000000,1.53E+06,4,3.75,5850,35070,2,0,0,4,12,4410,1440,1990,0,98006,47.5485,-122.124,4830,36200
643300210,20150210T000000,610000,3,1.75,1110,10402,1,0,0,4,7,1110,0,1967,0,98006,47.5676,-122.177,2050,9660
7855800730,20150210T000000,940000,4,2.5,3090,9238,1,0,3,4,8,1680,1410,1967,0,98006,47.5654,-122.163,2690,8500
2205500575,20150209T000000,390000,3,1,1200,10800,1,0,0,4,7,1200,0,1955,0,98006,47.5771,-122.144,1370,9950
3459600330,20150209T000000,925000,3,2.75,3640,10300,1,0,0,4,9,2060,1580,1979,0,98006,47.5612,-122.146,3110,10625
6072000440,20150206T000000,620000,5,3,2540,11422,1,0,0,3,8,1270,1270,1962,2014,98006,47.5459,-122.176,2090,10741
2424059139,20150206T000000,900000,3,3.25,3870,33980,2,0,0,3,10,3150,720,1991,0,98006,47.5589,-122.117,3590,10750
7856000110,20150203T000000,895000,3,2.5,2750,10000,1,0,3,3,8,1650,1100,1967,0,98006,47.5644,-122.153,2490,10000
715010130,20150202T000000,1.75E+06,6,4.25,5860,13928,2,0,3,3,10,4150,1710,2013,0,98006,47.5382,-122.114,5790,13928
4139440100,20150128T000000,810000,3,2.5,2610,8481,2,0,0,3,10,2610,0,1993,0,98006,47.5535,-122.115,3140,10008
6071000310,20150128T000000,622000,4,1.75,3020,10714,1,0,0,5,8,1510,1510,1958,0,98006,47.56,-122.181,2230,14400
6752500090,20150127T000000,1.84E+06,4,3.5,4870,39190,2,0,0,3,12,4870,0,1995,0,98006,47.5447,-122.124,5000,33880
6028000090,20150126T000000,438000,3,2.25,2340,14279,1,0,0,3,8,1340,1000,1965,0,98006,47.5715,-122.124,2340,13600
4139500410,20150126T000000,1.68E+06,6,4.75,5770,16747,2,0,3,3,12,4500,1270,1998,0,98006,47.5512,-122.11,4470,14571
5495200040,20150126T000000,610000,5,3.25,3490,23400,1,0,0,4,8,1890,1600,1957,0,98006,47.5701,-122.124,2660,12400
3224510300,20150126T000000,925000,3,2.75,3280,10558,1,0,2,4,9,2040,1240,1979,0,98006,47.5606,-122.133,3150,9998
6071000265,20150125T000000,550000,3,2.5,2140,10136,1,0,0,3,8,1320,820,1958,0,98006,47.5602,-122.184,1980,11200
2205700470,20150122T000000,650500,5,4.25,3920,11412,2,0,0,3,7,3920,0,1955,2005,98006,47.5766,-122.151,1400,9750
7805450750,20150120T000000,864000,3,2.75,3060,13554,2,0,0,3,10,3060,0,1984,0,98006,47.5609,-122.106,3060,11455
2600010330,20150120T000000,760000,4,2.25,2590,12600,2,0,0,3,9,2590,0,1979,0,98006,47.5566,-122.162,2620,11050
4139910180,20150114T000000,1.48E+06,5,4,4770,31570,2,0,0,3,12,4770,0,1990,0,98006,47.5468,-122.123,4520,32070
4139480350,20150113T000000,1.69E+06,4,4,5000,12941,3,0,2,3,12,5000,0,2002,0,98006,47.55,-122.103,4560,12941
715010530,20150113T000000,1.88E+06,5,3.5,4410,13000,2,0,3,3,10,2920,1490,2014,0,98006,47.5382,-122.111,5790,12969
9323610110,20150112T000000,710000,4,2.5,2870,11304,2,0,0,3,9,2870,0,1980,0,98006,47.5547,-122.154,2690,9940
2024059127,20150109T000000,908950,4,2.75,3090,6200,2,0,0,3,9,3090,0,2014,0,98006,47.5538,-122.189,2890,10108
2024059130,20150109T000000,928950,4,3.75,3280,6000,2,0,0,3,9,3280,0,2014,0,98006,47.554,-122.19,2900,10108
2205500030,20150108T000000,331500,4,1.75,1700,14756,1,0,0,3,7,850,850,1955,0,98006,47.5762,-122.143,1680,10250
2204500480,20150107T000000,551100,3,1,1430,8640,1,0,0,5,7,1430,0,1954,0,98006,47.572,-122.147,1430,9840
2346200030,20150105T000000,802541,5,2.75,2990,6768,2,0,0,3,9,2990,0,2014,0,98006,47.5462,-122.182,2870,6768
5448300150,20150105T000000,550000,3,2.25,1950,26500,1,0,0,4,8,1570,380,1965,0,98006,47.5784,-122.179,2160,12751
2141310490,20150102T000000,625000,3,2.25,1920,8412,1,0,2,3,8,1460,460,1977,0,98006,47.5578,-122.132,2490,8700
6073230230,20141231T000000,425000,3,2.25,1400,6970,2,0,0,3,8,1400,0,1984,0,98006,47.542,-122.184,1800,8140
1777500090,20141229T000000,680000,6,2.5,3180,9375,1,0,0,4,8,1590,1590,1967,0,98006,47.5707,-122.129,2670,9625
5566100205,20141223T000000,515000,3,1.75,1490,12000,1,0,0,4,7,1490,0,1956,0,98006,47.569,-122.175,1630,12000
6705120540,20141222T000000,462370,2,2.25,1860,2670,2,0,0,4,8,1860,0,1986,0,98006,47.5436,-122.187,1860,2531
7856640460,20141218T000000,950000,4,2.75,3800,12200,2,0,3,4,10,3800,0,1986,0,98006,47.5689,-122.156,3710,14796
2600140500,20141216T000000,998000,4,2.25,2910,10189,2,0,0,3,9,2910,0,1988,0,98006,47.5465,-122.155,2780,10125
4139910170,20141216T000000,1.01E+06,5,3.25,4050,35600,2,0,0,3,12,4050,0,1990,0,98006,47.5465,-122.122,4770,33880
3303850330,20141216T000000,1.90E+06,4,3.25,5080,27755,2,0,0,3,11,5080,0,2001,0,98006,47.5423,-122.111,4730,22326
4139450760,20141215T000000,932808,5,4.5,4690,6705,2,0,0,3,10,3450,1240,1995,0,98006,47.5539,-122.108,4070,11505
3303850390,20141212T000000,2.98E+06,5,5.5,7400,18898,2,0,3,3,13,6290,1110,2001,0,98006,47.5431,-122.112,6110,26442
6071200375,20141211T000000,466000,3,1.75,1680,9460,1,0,0,4,7,1680,0,1959,0,98006,47.5525,-122.182,1690,9448
3459900305,20141211T000000,1.11E+06,4,3.25,3520,19354,1,0,2,4,9,2010,1510,1978,0,98006,47.5572,-122.147,2630,19354
4140930110,20141210T000000,828200,4,2.75,3400,7081,2,0,0,3,9,3400,0,2001,0,98006,47.5661,-122.123,3060,7081
4139480200,20141209T000000,1.40E+06,4,3.25,4290,12103,1,0,3,3,11,2690,1600,1997,0,98006,47.5503,-122.102,3860,11244
6308000010,20141208T000000,585000,3,2.5,2290,5089,2,0,0,3,9,2290,0,2001,0,98006,47.5443,-122.172,2290,7984
2206700280,20141208T000000,390000,3,1.5,1000,13991,1,0,0,4,7,1000,0,1956,0,98006,47.5643,-122.138,1520,11465
6072100490,20141204T000000,527500,4,2.25,2270,8480,1,0,0,5,8,1310,960,1973,0,98006,47.5448,-122.174,1910,9050
2211700290,20141204T000000,538000,3,2.75,2000,7204,1,0,0,5,7,1250,750,1960,0,98006,47.565,-122.116,2480,17633
7856660130,20141204T000000,1.25E+06,5,2.75,3710,13874,1.5,0,3,4,9,2340,1370,1977,0,98006,47.5686,-122.154,3370,13874
6072760670,20141203T000000,652450,3,2.25,2230,11835,1,0,0,5,8,1630,600,1974,0,98006,47.563,-122.178,2190,10384
8089510150,20141202T000000,925000,4,2.5,3540,18168,2,0,0,3,10,3540,0,1996,0,98006,47.5441,-122.131,4130,11180
7855000550,20141201T000000,1.10E+06,4,2.5,3830,13800,1,0,4,4,9,2030,1800,1969,0,98006,47.5671,-122.157,3460,9875
6071800410,20141201T000000,500000,3,1.5,2220,8994,1,0,0,4,8,1110,1110,1962,0,98006,47.5473,-122.172,2220,8994
1115700040,20141201T000000,713500,5,2.75,2920,9163,1,0,0,4,8,1520,1400,1976,0,98006,47.5668,-122.169,2250,9163
4139440480,20141201T000000,796500,3,2.75,2590,12063,2,0,0,3,10,2590,0,1993,0,98006,47.5527,-122.12,2850,8469
1672000020,20141126T000000,711800,4,2.25,2410,16650,1,0,0,4,8,2410,0,1965,0,98006,47.5706,-122.163,2720,11141
3459600440,20141125T000000,1.31E+06,5,3,3650,16600,1,0,3,4,9,1860,1790,1978,0,98006,47.56,-122.144,3150,10400
6071200400,20141125T000000,510000,4,2.5,2010,9075,1,0,0,4,8,1310,700,1959,0,98006,47.553,-122.182,1850,9220
3459900230,20141125T000000,1.68E+06,4,3.75,7620,29536,2,0,3,3,11,5980,1640,2005,0,98006,47.5571,-122.14,2840,20809
2141310580,20141125T000000,707000,4,2.25,2920,17023,1,0,0,4,9,1690,1230,1977,0,98006,47.5585,-122.134,2710,10681
4139660040,20141121T000000,760000,5,3.5,3180,14000,2,0,0,5,10,3180,0,1997,0,98006,47.5501,-122.128,3670,14450
3224510080,20141120T000000,805000,4,3,3350,23781,1,0,0,4,9,2020,1330,1979,0,98006,47.56,-122.132,2870,12036
6071600450,20141120T000000,496600,4,2.25,2020,8400,1,0,0,4,8,1350,670,1961,0,98006,47.5488,-122.171,2060,8400
3343301343,20141120T000000,880000,5,3.5,4600,8764,2,0,0,3,10,3180,1420,2007,0,98006,47.5491,-122.19,3210,9431
6072800205,20141119T000000,2.38E+06,4,2.5,3220,20251,1,0,0,3,10,3220,0,1969,0,98006,47.5692,-122.192,4200,22114
2600100110,20141119T000000,788000,4,2.5,2680,8778,2,0,0,4,8,2680,0,1977,0,98006,47.5516,-122.161,2680,10020
7502700060,20141119T000000,333000,3,1.5,1260,5758,2,0,0,3,7,1260,0,1999,0,98006,47.5524,-122.139,3090,10142
4139440460,20141118T000000,751305,4,2.5,2660,8469,2,0,0,3,10,2660,0,1994,0,98006,47.5529,-122.12,2920,10697
2202500135,20141118T000000,333000,5,1.75,1240,8936,1,0,0,3,7,1240,0,1954,0,98006,47.5738,-122.136,1600,9341
4035900085,20141117T000000,453000,3,1.75,1430,20193,1,0,0,3,7,1430,0,1955,0,98006,47.5619,-122.183,2140,18364
4139700260,20141117T000000,795000,5,3.5,3330,3705,2,0,0,3,9,2610,720,2008,0,98006,47.5567,-122.124,2810,3971
2206500550,20141117T000000,375000,3,1,1040,9800,1,0,0,4,7,1040,0,1955,0,98006,47.5765,-122.155,1280,8880
6071600340,20141113T000000,472800,3,2.25,1840,8400,1,0,0,3,8,1290,550,1961,0,98006,47.5497,-122.172,2110,8400
7805460310,20141113T000000,703770,4,2.25,2550,12918,2,0,0,3,9,2550,0,1987,0,98006,47.5623,-122.109,2550,11036
6072400470,20141113T000000,518000,4,2.5,2070,10244,1,0,0,3,8,1370,700,1969,0,98006,47.5592,-122.178,2070,9683
2600110560,20141112T000000,750000,4,2.75,2310,10232,1,0,0,5,8,1310,1000,1980,0,98006,47.5515,-122.153,2820,9886
3459410230,20141111T000000,590000,3,2.25,2490,8800,2,0,0,4,8,2490,0,1975,0,98006,47.5666,-122.132,2690,10000
2424059061,20141111T000000,998000,4,3.5,3500,43560,2,0,0,3,9,2850,650,2014,0,98006,47.5481,-122.103,3640,40545
9346960050,20141107T000000,660000,4,2.5,2290,9120,2,0,0,4,8,2290,0,1977,0,98006,47.5613,-122.128,2290,9120
2600130190,20141107T000000,982000,4,2.5,2790,10289,2,0,0,3,9,2790,0,1987,0,98006,47.5483,-122.158,2650,10126
4139430410,20141107T000000,1.16E+06,4,3.5,4270,12305,2,0,2,3,10,4270,0,1994,0,98006,47.5489,-122.118,4190,13137
2600130020,20141106T000000,778000,3,3,2630,10156,1,0,0,4,9,2630,0,1987,0,98006,47.5481,-122.156,2660,10455
2424059116,20141105T000000,740000,3,2.25,3440,44374,2,0,3,4,10,2190,1250,1979,0,98006,47.547,-122.111,3470,40185
1624059219,20141105T000000,850000,2,2,2640,13939,1,0,1,5,8,1640,1000,1963,0,98006,47.5647,-122.165,2880,14810
2205700350,20141104T000000,378500,4,1.75,1700,8640,1,0,0,3,7,850,850,1955,0,98006,47.5772,-122.153,1620,9000
2597531020,20141104T000000,925850,6,3.25,3140,14923,2,0,0,3,10,3140,0,1991,0,98006,47.5411,-122.133,2980,10758
643300040,20141104T000000,481000,4,1.75,1920,9500,1,0,0,4,7,1470,450,1966,0,98006,47.5683,-122.177,1820,10091
2597520720,20141103T000000,720000,5,2.5,2900,9525,2,0,0,3,9,2900,0,1989,0,98006,47.5442,-122.138,2910,11854
2592210370,20141031T000000,903000,3,2.75,3860,12786,2,0,0,4,10,3860,0,1984,0,98006,47.549,-122.141,2820,14636
2600040160,20141031T000000,753000,3,2.25,2290,9047,2,0,0,4,8,2290,0,1984,0,98006,47.5545,-122.163,2120,9275
8965520190,20141030T000000,1.20E+06,3,2.5,3420,16622,1,0,4,3,10,2410,1010,1991,0,98006,47.5638,-122.105,3460,14566
4139420640,20141030T000000,1.79E+06,4,3.5,5490,14300,1,0,4,3,12,2910,2580,1996,0,98006,47.5511,-122.114,4290,13822
5566100170,20141029T000000,650000,10,2,3610,11914,2,0,0,4,7,3010,600,1958,0,98006,47.5705,-122.175,2040,11914
2201500450,20141028T000000,473000,3,1,1280,10000,1,0,0,4,7,1280,0,1954,0,98006,47.5716,-122.139,1240,10000
8089510170,20141027T000000,935000,5,4.5,4230,9701,2,0,0,3,10,4230,0,1999,0,98006,47.5444,-122.131,4130,12253
1777600490,20141024T000000,675000,4,2.5,3130,12463,1,0,0,4,8,1620,1510,1978,0,98006,47.569,-122.127,2740,11779
1951800580,20141024T000000,590000,4,2.5,3700,12500,1,0,0,5,8,1920,1780,1973,0,98006,47.5403,-122.168,2020,8350
2024059111,20141023T000000,820000,3,3,3850,38830,2,0,1,3,10,3850,0,2000,0,98006,47.5535,-122.191,2970,14050
2205500355,20141021T000000,455000,3,1.75,1700,8360,1,0,0,4,7,850,850,1955,0,98006,47.5766,-122.147,1520,8360
4139430910,20141021T000000,935000,4,3.25,4110,15488,2,0,2,3,11,4110,0,1995,0,98006,47.5493,-122.117,4190,14973
3343301910,20141020T000000,1.00E+06,5,4.5,2120,8944,2,1,4,5,8,2120,0,1939,1963,98006,47.5488,-122.197,2870,8944
2600100180,20141020T000000,555000,4,2.75,2600,19275,1,0,0,3,8,1620,980,1978,0,98006,47.5523,-122.162,2230,10119
2201500980,20141020T000000,450000,3,1,1350,10000,1,0,0,4,7,1350,0,1954,0,98006,47.5741,-122.133,1450,10000
6072100140,20141017T000000,500000,3,1.75,1530,8829,1,0,0,5,8,1530,0,1972,0,98006,47.545,-122.171,2060,9226
2346200050,20141017T000000,760369,5,2.5,2870,4712,2,0,0,3,9,2870,0,2014,0,98006,47.5463,-122.182,2870,6768
3224510290,20141016T000000,920000,3,1.75,3670,11884,1,0,2,4,9,1950,1720,1979,0,98006,47.5604,-122.133,3020,9747
4139430340,20141015T000000,1.03E+06,3,2.5,3680,13384,2,0,0,3,10,3680,0,1994,0,98006,47.5484,-122.119,3600,11306
9346930100,20141015T000000,610000,4,2.5,2440,9350,1,0,0,4,8,1560,880,1976,0,98006,47.5614,-122.13,2260,8500
1836980240,20141015T000000,730000,4,2.75,2920,4500,2,0,0,3,9,2920,0,1999,0,98006,47.5646,-122.124,2920,4505
2600010390,20141015T000000,825000,4,2.25,2430,10050,2,0,0,4,8,2430,0,1979,0,98006,47.5563,-122.163,2390,10250
2424059119,20141014T000000,1.10E+06,4,3.5,4560,41636,2,0,0,3,9,4170,390,1995,0,98006,47.5589,-122.116,2990,11381
2206700070,20141013T000000,435000,3,1,1120,9656,1,0,0,5,7,1120,0,1955,0,98006,47.567,-122.139,1720,9908
2592210290,20141010T000000,870000,4,2.5,2650,12001,2,0,0,4,9,2650,0,1984,0,98006,47.5496,-122.14,2880,14054
2024059059,20141010T000000,693000,3,2.25,2090,45535,1,0,2,5,8,1280,810,1952,0,98006,47.5538,-122.191,3090,12889
2597450620,20141009T000000,1.51E+06,3,2.5,4010,12105,1,0,3,5,11,2600,1410,1983,0,98006,47.554,-122.151,4010,15081
2824059128,20141009T000000,510000,3,2,1990,7405,1,0,0,5,7,1990,0,1971,0,98006,47.5421,-122.172,2120,6462
8965520100,20141008T000000,855000,3,2.25,3440,10628,2,0,2,3,10,3440,0,1985,0,98006,47.5647,-122.108,3170,11434
4139400280,20141008T000000,765000,3,2.5,2700,8444,2,0,0,3,10,2700,0,1992,0,98006,47.5597,-122.113,2840,9165
2597520580,20141008T000000,805000,4,2.5,2910,9000,2,0,0,3,9,2910,0,1989,0,98006,47.5451,-122.142,2530,9000
2205500540,20141008T000000,365000,4,1.5,1820,12327,1,0,0,4,7,1380,440,1955,0,98006,47.5767,-122.144,1450,9256
3447000060,20141008T000000,577500,3,1.75,2140,13286,1,0,0,4,8,1220,920,1964,0,98006,47.5722,-122.128,2250,13286
5603700025,20141007T000000,732000,4,1.75,2360,11300,1,0,0,4,9,2360,0,1974,0,98006,47.5728,-122.163,2290,11951
7855000460,20141007T000000,1.45E+06,3,2.75,3940,9671,1,0,4,5,9,2140,1800,1967,0,98006,47.5654,-122.158,3390,9360
1687910200,20141007T000000,629000,4,2.25,1900,11171,1,0,0,3,8,1280,620,1984,0,98006,47.561,-122.126,2330,9934
5056500210,20141007T000000,539950,4,2.75,2910,9000,1,0,0,4,8,2130,780,1966,0,98006,47.544,-122.176,1970,9000
2201500030,20141006T000000,420000,4,1,1750,9600,1.5,0,0,4,7,1750,0,1954,0,98006,47.5759,-122.137,1750,10530
4139470010,20141006T000000,1.62E+06,4,3.25,4250,12281,2,0,4,3,12,3020,1230,1996,0,98006,47.5507,-122.113,4940,12941
2624059036,20141003T000000,1.60E+06,5,4.5,5130,43123,2,0,0,3,11,5130,0,1996,0,98006,47.544,-122.126,4670,43560
6072760210,20141002T000000,437850,4,2.25,2670,14255,1,0,0,4,8,1610,1060,1975,0,98006,47.5623,-122.175,2470,10290
715010140,20141002T000000,1.75E+06,5,3.25,5790,12739,2,0,3,3,10,4430,1360,2014,0,98006,47.538,-122.114,5790,13928
2600020100,20140930T000000,975000,4,2.5,2720,10455,2,0,2,3,10,2500,220,1981,0,98006,47.5564,-122.158,3240,12348
1687900520,20140929T000000,673000,4,2.25,2590,8190,2,0,0,4,8,2590,0,1980,0,98006,47.5619,-122.125,2260,8335
3377900195,20140929T000000,2.53E+06,4,5.5,6930,45100,1,0,0,4,11,4310,2620,1950,1991,98006,47.5547,-122.144,2560,37766
2201500555,20140929T000000,385000,3,1,1420,10980,1,0,0,4,7,1200,220,1954,0,98006,47.574,-122.138,1630,9763
6072400820,20140926T000000,525000,3,1.75,1520,7875,1,0,0,5,8,1520,0,1969,0,98006,47.5569,-122.176,2150,9428
9346930250,20140926T000000,668500,4,2.25,2290,9546,1,0,0,4,8,1780,510,1976,0,98006,47.5617,-122.13,2360,8864
7856700990,20140924T000000,655000,4,2.25,2200,9163,1,0,0,4,8,1430,770,1971,0,98006,47.5653,-122.146,2420,9163
7856600170,20140924T000000,981000,4,2.5,2110,10100,1,0,2,3,8,2110,0,1968,2005,98006,47.567,-122.151,2230,10100
8965500030,20140923T000000,804000,5,3.5,2770,9305,2,0,0,3,9,2770,0,1985,0,98006,47.5628,-122.114,2520,9773
2592210150,20140923T000000,822000,3,2.5,2290,9158,2,0,0,4,8,2290,0,1984,0,98006,47.5476,-122.14,2210,9588
7855300460,20140923T000000,1.00E+06,3,2.75,2370,8900,1,0,4,4,9,1670,700,1971,0,98006,47.5648,-122.156,2840,8956
7856410411,20140922T000000,1.70E+06,4,4.5,3860,15246,2,0,4,3,11,2940,920,2004,0,98006,47.56,-122.161,3750,14790
7855400630,20140922T000000,1.03E+06,5,2.5,3050,8200,1,0,4,4,8,1650,1400,1962,0,98006,47.5647,-122.155,2970,8792
9346900170,20140922T000000,615000,4,2.25,2330,7020,1,0,0,4,8,1450,880,1973,0,98006,47.562,-122.139,2330,8500
4035900060,20140919T000000,515000,3,1.75,1600,20873,1,0,0,3,8,1600,0,1955,0,98006,47.5632,-122.182,2640,18364
4140930010,20140919T000000,739000,4,2.5,2780,6737,2,0,0,3,9,2780,0,2002,0,98006,47.5656,-122.122,2750,7950
4139440360,20140918T000000,850000,4,2.5,2900,9972,2,0,0,3,9,2900,0,1993,0,98006,47.5536,-122.121,2901,8567
7855801090,20140917T000000,795000,5,2.5,3040,9570,1,0,2,4,8,1640,1400,1966,0,98006,47.5651,-122.164,2920,8800
2524059267,20140917T000000,799900,4,4,3650,18223,2,0,3,3,9,3330,320,2013,0,98006,47.5442,-122.116,3220,11022
2268400350,20140916T000000,749000,4,2.5,1710,9627,1,0,0,3,9,1440,270,1976,2014,98006,47.559,-122.164,2140,9131
4139480190,20140916T000000,1.15E+06,3,3.25,3780,10623,1,0,1,3,11,2650,1130,1999,0,98006,47.5506,-122.101,3850,11170
8965500880,20140916T000000,1.11E+06,4,2.5,3320,9380,2,0,3,3,10,3320,0,1988,0,98006,47.5655,-122.114,2870,11779
2600100300,20140916T000000,623000,4,2.5,2980,9235,1,0,0,4,8,1690,1290,1977,0,98006,47.5513,-122.162,2690,10046
2206700295,20140915T000000,453000,3,1,1210,9473,1,0,0,5,7,1210,0,1955,0,98006,47.5637,-122.139,1700,11465
5603800110,20140915T000000,586000,4,2.25,2130,9000,2,0,0,4,8,2130,0,1965,0,98006,47.5716,-122.159,2110,10431
2141300620,20140915T000000,550000,3,2.75,1960,13252,1,0,0,5,8,1240,720,1975,0,98006,47.5582,-122.139,2040,9866
8965450110,20140912T000000,850000,3,2.5,3300,11570,2,0,0,3,9,3300,0,1994,0,98006,47.5599,-122.121,3280,11446
8081010040,20140911T000000,1.15E+06,3,2.5,3160,24437,1,0,3,3,11,2160,1000,1991,0,98006,47.5531,-122.131,3990,11977
2141340040,20140911T000000,649950,3,2.5,2150,15304,2,0,0,4,9,2150,0,1979,0,98006,47.5573,-122.136,2540,10507
4139420070,20140910T000000,1.20E+06,5,3.25,5180,19606,1,0,0,3,11,2610,2570,1993,0,98006,47.555,-122.114,4050,15296
2597531110,20140909T000000,812500,4,2.5,2750,10159,2,0,0,3,10,2750,0,1991,0,98006,47.5426,-122.135,3160,10159
3343301490,20140909T000000,818500,5,3.5,4790,12957,2,0,1,3,9,3110,1680,2005,0,98006,47.5469,-122.194,2620,13538
1672000170,20140908T000000,575000,3,1.75,1890,11141,1,0,0,4,8,1890,0,1968,0,98006,47.5697,-122.163,2720,11144
6071400360,20140908T000000,550000,4,2.5,2120,9163,1,0,0,4,8,1450,670,1961,0,98006,47.5551,-122.172,2120,9166
7855600730,20140908T000000,920000,4,2.75,3140,9085,1,0,2,5,8,1570,1570,1961,0,98006,47.5675,-122.16,2430,9350
8965400390,20140905T000000,749999,5,2.25,3060,13630,2,0,0,3,10,3060,0,1989,0,98006,47.5585,-122.117,3430,10700
2206500110,20140905T000000,508450,4,1.75,1520,9600,1,0,0,4,7,1000,520,1955,0,98006,47.5763,-122.154,1510,9000
7855600820,20140904T000000,802000,4,2.25,2130,8734,2,0,2,4,8,2130,0,1961,0,98006,47.5672,-122.161,2550,8800
7856640180,20140904T000000,770000,3,2.5,2900,23550,1,0,0,3,10,1490,1410,1987,0,98006,47.5708,-122.153,2900,19604
5566100145,20140903T000000,499950,3,1.5,1360,11250,1,0,0,4,7,1360,0,1955,0,98006,47.5697,-122.177,1440,11250
643300010,20140829T000000,365000,3,1.75,1410,9150,1,0,0,5,7,1410,0,1959,0,98006,47.5683,-122.178,1800,9940
4139460290,20140828T000000,898000,3,2.5,3530,9753,2,0,0,3,10,3530,0,1997,0,98006,47.5539,-122.103,3220,9234
2600000050,20140827T000000,690000,3,2.25,2430,8327,1,0,0,4,9,1430,1000,1978,0,98006,47.5534,-122.16,2550,10427
4139420590,20140827T000000,1.20E+06,4,3.5,4560,16643,1,0,3,3,12,2230,2330,1995,0,98006,47.5521,-122.115,4060,15177
6071700020,20140827T000000,515000,3,2.25,1640,8400,1,0,0,4,8,1640,0,1962,0,98006,47.5484,-122.172,2110,8400
2597531030,20140826T000000,756000,4,2.5,2730,10753,2,0,0,3,9,2730,0,1991,0,98006,47.5414,-122.133,3090,10740
7526400100,20140826T000000,805000,4,2.5,3160,35225,2,0,1,3,9,2250,910,1992,0,98006,47.5672,-122.111,3460,17223
6071300090,20140826T000000,400000,3,1.75,1330,9143,1,0,0,3,7,1330,0,1960,0,98006,47.5538,-122.176,1950,10384
2024059094,20140825T000000,515000,3,2.25,1920,11500,1,0,0,3,8,1920,0,1972,2000,98006,47.5498,-122.188,2260,8866
9323610260,20140825T000000,828000,4,2.5,2120,10841,1,0,0,4,8,1500,620,1979,0,98006,47.556,-122.156,3130,10950
8965410150,20140825T000000,962800,4,2.5,3780,23623,2,0,0,3,9,3780,0,1997,0,98006,47.559,-122.118,3370,10210
1951820070,20140822T000000,491500,3,2.25,2230,13100,1,0,0,4,8,1510,720,1974,0,98006,47.5413,-122.174,2010,10650
2206700215,20140822T000000,375000,4,2,2070,9822,1,0,0,5,7,2070,0,1955,0,98006,47.566,-122.14,1300,9572
9346920070,20140822T000000,583000,3,1.75,1930,10183,1,0,0,4,8,1480,450,1975,0,98006,47.5624,-122.135,2320,10000
6071300550,20140822T000000,600000,4,2.5,2370,9135,1,0,0,4,8,1600,770,1967,0,98006,47.5564,-122.177,2050,9468
6071300160,20140822T000000,585000,5,2,2560,14467,1,0,0,3,8,1280,1280,1960,0,98006,47.5547,-122.178,2200,10267
7856570190,20140822T000000,870000,4,2.75,3410,23000,2,0,0,4,10,3410,0,1982,0,98006,47.5559,-122.149,2490,15512
1115400090,20140821T000000,610000,3,2.5,2060,8893,2,0,0,3,8,2060,0,1987,0,98006,47.5615,-122.165,2650,8500
9346980140,20140820T000000,605000,3,1.75,1920,7400,1,0,0,4,8,1260,660,1977,0,98006,47.5633,-122.131,2360,8048
2424059035,20140820T000000,768000,3,2.5,3220,54160,2,0,2,4,9,2690,530,1981,0,98006,47.5468,-122.109,3460,44374
2424059127,20140820T000000,952000,2,1.75,3490,88909,1,0,3,3,10,2320,1170,1980,0,98006,47.5462,-122.112,3490,40185
7805450560,20140820T000000,960000,4,2.5,3110,11397,2,0,3,4,10,3110,0,1984,0,98006,47.5623,-122.106,3110,11586
1854750010,20140820T000000,1.15E+06,3,2.5,4190,9624,2,0,0,3,10,4190,0,1999,0,98006,47.5642,-122.127,3650,8321
2206500300,20140820T000000,565000,5,1.75,1910,9720,1,0,0,4,7,1390,520,1955,0,98006,47.5772,-122.159,1750,9720
2600110710,20140819T000000,602000,3,2.25,1580,11580,1,0,0,4,8,1580,0,1979,0,98006,47.5503,-122.155,2630,10009
2202500150,20140819T000000,375000,3,1,1230,9877,1,0,0,3,7,1230,0,1954,0,98006,47.5745,-122.136,1240,9965
9323610180,20140819T000000,720000,3,2.25,2120,9297,2,0,0,4,8,2120,0,1981,0,98006,47.5561,-122.154,2620,10352
2207000060,20140818T000000,500000,3,1.5,1960,8815,1,0,0,4,7,1020,940,1958,0,98006,47.5765,-122.159,1760,9534
2206500105,20140818T000000,290000,3,1,960,9000,1,0,0,4,7,960,0,1955,0,98006,47.5765,-122.154,1520,9000
8081030090,20140815T000000,1.29E+06,4,3.5,3700,13175,2,0,0,4,11,3700,0,1989,0,98006,47.5471,-122.133,3880,15508
7701450110,20140815T000000,1.04E+06,4,2.5,3770,10893,2,0,2,3,11,3770,0,1997,0,98006,47.5646,-122.129,3710,9685
6071300500,20140815T000000,550000,4,2.5,2060,9719,1,0,0,4,8,1320,740,1960,0,98006,47.5549,-122.176,2050,9643
4139400910,20140815T000000,740000,4,2.5,2500,10330,2,0,0,3,10,2500,0,1992,0,98006,47.5595,-122.114,2710,8375
2597530650,20140815T000000,820000,3,2.5,2970,9600,2,0,0,3,9,2970,0,1994,0,98006,47.5422,-122.132,2970,9707
8562800250,20140814T000000,596000,4,2.25,2270,10000,1,0,0,5,8,1720,550,1974,0,98006,47.5599,-122.142,2270,10148
6065301040,20140814T000000,1.17E+06,5,2.75,2910,15118,1,0,0,5,9,1780,1130,1972,0,98006,47.5696,-122.183,2880,15253
2024059052,20140814T000000,975000,6,3,3420,22421,1,0,0,5,9,2270,1150,1948,0,98006,47.5508,-122.189,2430,15560
9286000110,20140814T000000,1.36E+06,5,3.75,4960,13990,2,0,2,3,11,3760,1200,2001,0,98006,47.5491,-122.137,5200,18116
7805450870,20140814T000000,909000,4,2.5,3680,11648,2,0,0,3,10,3680,0,1986,0,98006,47.5604,-122.107,2830,11251
1951700480,20140813T000000,524400,4,1.75,1990,12950,1,0,0,4,8,1850,140,1968,0,98006,47.5434,-122.166,2090,12850
2600020330,20140813T000000,1.22E+06,4,2.75,3670,15400,2,0,3,4,10,3670,0,1986,0,98006,47.5581,-122.156,3370,13300
7856620870,20140813T000000,855000,3,2,3120,9400,1,0,0,5,9,1820,1300,1978,0,98006,47.5612,-122.15,2770,9500
6072800265,20140813T000000,2.40E+06,4,3.25,3800,19798,2,0,0,3,10,3800,0,1969,2009,98006,47.5684,-122.19,3940,18975
2200500350,20140812T000000,500000,2,1,1640,14100,1,0,0,4,7,1140,500,1954,0,98006,47.5712,-122.143,1520,13527
7856610160,20140812T000000,925000,4,1.75,2710,11400,1,0,0,4,9,1430,1280,1976,0,98006,47.561,-122.153,2640,11000
2600140120,20140812T000000,946000,4,3,3140,9058,1,0,0,3,9,2140,1000,1989,0,98006,47.5462,-122.154,2760,10018
4139420370,20140811T000000,1.76E+06,4,5,6055,21630,1,0,3,4,12,3555,2500,1996,0,98006,47.5524,-122.112,4890,19223
2201500185,20140808T000000,397500,3,1,1030,10480,1,0,0,4,7,1030,0,1954,0,98006,47.5742,-122.139,1480,12200
7856620210,20140808T000000,812500,4,2.75,2810,10300,1,0,0,4,9,1810,1000,1978,0,98006,47.5626,-122.149,2710,9900
7856560480,20140808T000000,635000,3,2.5,1780,11000,1,0,0,4,8,1210,570,1980,0,98006,47.5574,-122.149,2310,9700
2205500335,20140807T000000,420000,4,1.75,1940,11500,1,0,0,4,7,1090,850,1955,0,98006,47.5774,-122.147,1700,8360
6072000910,20140806T000000,480000,3,1.75,1600,8400,1,0,0,5,8,1600,0,1963,0,98006,47.5479,-122.179,2210,8400
2212250080,20140806T000000,592100,4,2.75,2310,7851,1,0,0,4,8,1790,520,1989,0,98006,47.5473,-122.187,2230,7359
2592210160,20140805T000000,719000,3,2.5,2120,9307,2,0,0,4,9,2120,0,1984,0,98006,47.5477,-122.141,2290,11524
2202500110,20140805T000000,430000,3,1.5,1690,9708,1.5,0,0,5,7,1690,0,1954,0,98006,47.5732,-122.136,1570,9858
7856610490,20140805T000000,875000,5,2.5,2530,8564,2,0,0,4,8,2530,0,1976,0,98006,47.5622,-122.153,2480,8714
9323600380,20140805T000000,817000,4,2.25,2600,10660,2,0,0,4,8,2600,0,1979,0,98006,47.5533,-122.156,3150,10660
7856560380,20140804T000000,760000,4,2.25,2500,8500,2,0,0,4,8,2500,0,1979,0,98006,47.5569,-122.151,2470,9100
2597520900,20140804T000000,768000,3,2.5,2660,10928,2,0,0,3,9,1830,830,1988,0,98006,47.5442,-122.141,2800,10025
715010110,20140804T000000,1.24E+06,5,3.25,5790,13726,2,0,3,3,10,4430,1360,2014,0,98006,47.5388,-122.114,5790,13726
4139430810,20140801T000000,912000,3,2.5,2979,17313,2,0,2,3,11,2979,0,1993,0,98006,47.5503,-122.118,3890,14797
2203500140,20140801T000000,320000,4,1.5,1100,11824,1,0,0,4,7,1100,0,1954,0,98006,47.5704,-122.141,1380,11796
3260590070,20140801T000000,744000,4,2.5,3140,7260,2,0,0,3,8,2200,940,2004,0,98006,47.5664,-122.124,2860,8186
6072500490,20140801T000000,423800,3,2.5,1940,7415,2,0,0,3,8,1940,0,1965,0,98006,47.542,-122.176,1940,8425
6073200075,20140730T000000,625000,3,1.75,1600,9135,1,0,0,5,7,1600,0,1955,0,98006,47.5724,-122.179,1580,9800
8089500180,20140730T000000,1.15E+06,4,3.5,4540,19767,2,0,0,3,11,4200,340,1998,0,98006,47.5445,-122.137,3990,12881
4139490210,20140730T000000,1.29E+06,4,3.5,4080,14450,2,0,2,3,12,3210,870,1998,0,98006,47.5519,-122.106,4080,12114
2201500240,20140730T000000,475000,3,1.75,1260,10065,1,0,0,3,7,1260,0,1954,2014,98006,47.5727,-122.138,1320,10278
2597450250,20140730T000000,1.16E+06,4,2.5,3860,10361,2,0,2,4,10,2940,920,1985,0,98006,47.5517,-122.147,3720,13155
6072500050,20140729T000000,560000,5,2.5,2880,9000,1,0,0,5,8,1440,1440,1966,0,98006,47.5456,-122.179,2010,9000
7856400410,20140729T000000,1.10E+06,4,2.25,3310,8540,1,0,4,4,9,1660,1650,1973,0,98006,47.5603,-122.158,3450,9566
2141330360,20140729T000000,625000,4,2.25,2100,8290,2,0,0,4,8,2100,0,1978,0,98006,47.5595,-122.129,2100,8290
8081020330,20140729T000000,1.32E+06,4,3.25,3470,11843,1,0,3,3,11,2270,1200,1989,0,98006,47.5513,-122.135,3910,13247
97600140,20140729T000000,800000,4,2.5,2930,5000,2,0,0,3,9,2760,170,2007,0,98006,47.5424,-122.12,3230,5778
713500030,20140728T000000,1.35E+06,5,3.5,4800,14984,2,0,2,3,11,3480,1320,1998,0,98006,47.5543,-122.148,4050,19009
2600000510,20140726T000000,686000,4,2.25,2130,10650,2,0,0,4,8,2130,0,1977,0,98006,47.5567,-122.159,3380,10050
2141330560,20140725T000000,671500,4,2.25,2130,8410,2,0,0,4,8,2130,0,1977,0,98006,47.5589,-122.128,2170,8400
2592220040,20140724T000000,974350,4,2.5,3090,10730,2,0,0,5,8,2420,670,1985,0,98006,47.5458,-122.141,2220,7875
6071000030,20140722T000000,610000,5,2.75,2930,31411,1,0,0,4,9,1520,1410,1975,0,98006,47.5576,-122.186,3070,12378
2911700020,20140721T000000,1.48E+06,3,2.25,4470,22518,2,0,2,3,9,3240,1230,1953,2004,98006,47.574,-122.18,2930,21837
1324059048,20140721T000000,500000,3,2.5,2410,34848,1.5,0,0,3,8,2410,0,1976,0,98006,47.5694,-122.12,2420,16424
7856610130,20140721T000000,840000,4,2.25,2720,8712,2,0,0,4,9,2720,0,1976,0,98006,47.5616,-122.153,2470,8714
2202500025,20140721T000000,550000,4,1,2420,15520,2,0,0,4,7,2420,0,1945,0,98006,47.5744,-122.137,1630,9965
5566100060,20140718T000000,490000,3,1.75,1720,12540,1,0,0,4,7,1720,0,1956,0,98006,47.5699,-122.177,1440,11850
7855900110,20140718T000000,1.09E+06,4,2.75,3460,11350,1,0,4,4,9,1780,1680,1974,0,98006,47.568,-122.153,3200,13874
4139500080,20140718T000000,1.49E+06,4,4.25,5180,13077,2,0,3,3,12,4280,900,1998,0,98006,47.5513,-122.109,5030,15069
2204500550,20140717T000000,425000,4,1,1800,12485,1,0,0,5,7,950,850,1955,0,98006,47.5729,-122.147,1290,9840
2206700165,20140716T000000,450000,3,1.5,1520,7903,1,0,0,4,7,1000,520,1955,0,98006,47.5659,-122.141,1520,9830
6187500080,20140716T000000,637000,5,3,2460,7240,1,0,0,3,9,1840,620,1991,0,98006,47.5486,-122.189,2530,7885
9323600060,20140715T000000,942500,5,3.5,3750,9612,1,0,2,4,9,2030,1720,1981,0,98006,47.5511,-122.157,3270,9688
6071300180,20140714T000000,525000,5,2.5,2360,10081,1,0,0,4,7,1180,1180,1961,0,98006,47.5552,-122.178,2200,10461
9286000240,20140711T000000,1.07E+06,6,3.5,4860,11793,2,0,0,3,11,3860,1000,1998,0,98006,47.5521,-122.137,3600,11793
2600040130,20140711T000000,578000,3,2.25,1790,9580,2,0,0,3,8,1790,0,1984,0,98006,47.5541,-122.162,2060,9995
4139490190,20140711T000000,1.50E+06,4,3.5,4410,12426,2,0,2,3,12,3420,990,1996,0,98006,47.5518,-122.107,4090,12127
1777600880,20140711T000000,582000,5,2.5,2780,12335,1,0,0,4,8,1590,1190,1968,0,98006,47.5681,-122.128,2750,9930
2424059052,20140710T000000,1.33E+06,6,4.25,5720,10213,2,0,0,3,10,4170,1550,2004,0,98006,47.5464,-122.116,4300,10224
7856550240,20140710T000000,860000,5,2.25,3480,9200,2,0,0,3,8,3480,0,1979,0,98006,47.5585,-122.153,3130,9200
1777600900,20140710T000000,710000,4,2.5,2870,8995,1,0,0,5,8,1870,1000,1968,0,98006,47.5678,-122.128,2670,9672
8081020370,20140709T000000,1.36E+06,4,3.5,3550,11000,1,0,2,3,11,2260,1290,1999,0,98006,47.5506,-122.134,4100,10012
2206500430,20140709T000000,525000,4,1.75,1710,10440,1,0,0,4,7,1710,0,1955,0,98006,47.5756,-122.158,1480,10440
2424059163,20140709T000000,1.24E+06,5,3.5,5430,10327,2,0,2,3,10,4010,1420,2007,0,98006,47.5476,-122.116,4340,10324
1777500060,20140708T000000,527700,5,2.5,2820,9375,1,0,0,4,8,1550,1270,1968,0,98006,47.5707,-122.128,2820,9375
2205700405,20140708T000000,479000,3,1,1340,13750,1,0,0,4,7,1340,0,1955,0,98006,47.5771,-122.151,1430,11400
7856640170,20140708T000000,789900,3,2.5,3420,25150,1,0,0,4,10,1750,1670,1987,0,98006,47.5706,-122.152,2900,19604
1424059022,20140708T000000,1.15E+06,3,2.5,3830,48743,2,0,0,3,11,3830,0,1991,0,98006,47.5663,-122.125,2950,8299
2205700345,20140707T000000,500000,4,2,1700,8640,1,0,0,3,7,850,850,1955,2010,98006,47.5774,-122.153,1620,9000
2600030210,20140707T000000,681000,3,1.75,1880,10032,1,0,0,4,8,1880,0,1984,0,98006,47.5527,-122.16,2430,9732
2600140370,20140703T000000,1.01E+06,4,2.5,2980,16263,2,0,0,3,9,2980,0,1989,0,98006,47.5457,-122.153,2730,10018
9552700140,20140702T000000,675000,5,2.25,2900,10300,1,0,0,3,8,1450,1450,1985,0,98006,47.5461,-122.151,2310,10300
8965500820,20140702T000000,851000,5,3.25,3760,9792,2,0,0,3,9,2550,1210,1984,0,98006,47.5654,-122.115,2960,16500
6072800246,20140702T000000,3.30E+06,5,6.25,8020,21738,2,0,0,3,11,8020,0,2001,0,98006,47.5675,-122.189,4160,18969
7856400300,20140702T000000,1.41E+06,2,2.5,3180,9400,2,0,4,5,10,2610,570,1985,0,98006,47.5617,-122.158,3760,9450
2324059314,20140702T000000,795000,4,2.5,2890,7798,2,0,0,3,9,2890,0,2005,0,98006,47.5456,-122.129,3300,30950
8965400210,20140701T000000,820000,3,2.25,2880,9750,2,0,0,3,10,2880,0,1989,0,98006,47.5575,-122.119,2920,11090
6072000380,20140701T000000,505000,4,2.75,2200,9778,1,0,0,4,8,1100,1100,1962,0,98006,47.5472,-122.176,2140,11321
2202500080,20140630T000000,248000,3,1,950,9400,1,0,0,4,7,950,0,1954,0,98006,47.5746,-122.136,1260,9400
1624059093,20140630T000000,570000,3,2,1890,29185,1,0,0,3,7,1470,420,1949,2013,98006,47.5621,-122.168,2580,11600
7856700920,20140628T000000,699900,4,2.5,2190,11500,1,0,0,4,8,1430,760,1972,0,98006,47.5668,-122.147,2580,9700
7856400240,20140627T000000,1.62E+06,4,3,3900,9750,1,0,4,5,10,2520,1380,1972,0,98006,47.5605,-122.158,3410,9450
6154500070,20140626T000000,1.05E+06,4,3.5,3450,7832,2,0,0,3,10,3450,0,2007,0,98006,47.5637,-122.123,3220,8567
2141300420,20140626T000000,775000,3,2.75,2850,14800,1,0,0,4,9,1920,930,1976,0,98006,47.559,-122.146,3300,10809
6154500030,20140626T000000,1.08E+06,4,3.5,3990,5267,2,0,0,3,10,3990,0,2008,0,98006,47.5641,-122.124,3230,6481
6073200010,20140626T000000,660000,3,1,1210,9622,1,0,1,3,8,1210,0,1955,2009,98006,47.5728,-122.179,1580,9714
4139440480,20140626T000000,695000,3,2.75,2590,12063,2,0,0,3,10,2590,0,1993,0,98006,47.5527,-122.12,2850,8469
3459600180,20140626T000000,827000,4,2.5,3230,12100,1,0,0,3,9,1870,1360,1977,0,98006,47.562,-122.146,2670,10200
7856570150,20140625T000000,913888,5,2.25,2370,15512,2,0,0,4,9,2370,0,1981,0,98006,47.5555,-122.15,2380,15100
3303850360,20140625T000000,1.28E+06,4,3.5,4660,17398,2,0,2,3,11,4660,0,2003,0,98006,47.5422,-122.112,5080,24913
2141310820,20140624T000000,689000,3,1.75,2200,9840,1,0,0,5,8,1500,700,1978,0,98006,47.559,-122.136,2410,9623
6071300030,20140624T000000,464500,3,1.75,1150,10466,1,0,0,5,7,1150,0,1959,0,98006,47.5531,-122.177,1350,10384
384000135,20140624T000000,502000,3,2,1300,14350,1,0,0,3,7,1300,0,1955,2013,98006,47.5736,-122.152,1520,10670
6065300570,20140624T000000,1.25E+06,4,2.5,3220,15600,1,0,0,5,9,1680,1540,1973,0,98006,47.5697,-122.182,2990,15600
1777600850,20140624T000000,859000,4,2.25,3550,13900,1,0,0,3,8,1830,1720,2010,0,98006,47.5681,-122.127,2770,12200
5175800060,20140623T000000,365000,4,2,1940,25600,1,0,0,1,8,1940,0,1962,0,98006,47.5722,-122.129,2000,10071
6071700160,20140623T000000,603500,6,2.75,2660,8400,1,0,0,5,8,1550,1110,1962,0,98006,47.549,-122.173,2280,8400
2597530760,20140623T000000,905000,5,3.5,3500,10155,2,0,0,3,10,2570,930,1996,0,98006,47.5415,-122.133,2940,10753
6071900070,20140622T000000,500000,4,2.5,2040,8400,1,0,0,3,8,1420,620,1963,0,98006,47.5512,-122.17,2540,8925
2597520090,20140622T000000,810000,4,2.5,2810,10613,2,0,0,3,9,2810,0,1989,0,98006,47.5424,-122.141,2800,9933
4139460390,20140620T000000,995000,4,4.5,3850,13551,2,0,2,3,10,3000,850,1998,0,98006,47.5522,-122.103,3480,10737
6065300330,20140620T000000,2.11E+06,3,2.25,3230,17833,2,0,0,4,9,3230,0,1973,0,98006,47.5683,-122.188,3690,17162
1951800040,20140620T000000,488800,4,2.25,2170,9665,1,0,0,4,8,1300,870,1976,0,98006,47.5444,-122.165,2170,12054
4139900210,20140620T000000,1.32E+06,4,3.5,4410,36200,2,0,0,3,11,4410,0,1989,0,98006,47.5487,-122.126,4760,35860
1778360150,20140620T000000,1.24E+06,7,5.5,6630,13782,2,0,0,3,10,4930,1700,2004,0,98006,47.5399,-122.118,4470,8639
4035900015,20140619T000000,659500,4,3,2620,18362,1,0,0,4,8,1870,750,1956,0,98006,47.5646,-122.184,2630,16792
6071800310,20140619T000000,558000,4,2.25,2060,10358,1,0,0,4,8,1320,740,1962,0,98006,47.5478,-122.174,2060,9676
6072400280,20140619T000000,619850,4,2.5,2270,9247,1,0,0,5,8,1500,770,1972,0,98006,47.5602,-122.176,2270,9163
4139480200,20140618T000000,1.38E+06,4,3.25,4290,12103,1,0,3,3,11,2690,1600,1997,0,98006,47.5503,-122.102,3860,11244
2592200030,20140618T000000,650000,3,1.75,2920,9370,1,0,0,4,8,1620,1300,1981,0,98006,47.5491,-122.151,2890,9609
1624059224,20140618T000000,1.16E+06,4,3.5,4680,9700,2,0,0,3,10,3360,1320,2005,0,98006,47.5703,-122.165,2800,12343
4139680070,20140617T000000,866059,5,3.5,3130,4797,2,0,0,3,9,2570,560,2014,0,98006,47.5664,-122.129,3440,5439
3224500240,20140617T000000,950000,3,2.75,2750,18029,1,0,2,5,9,1810,940,1978,0,98006,47.5617,-122.134,2850,10021
7856600900,20140616T000000,825000,4,2.5,2810,9800,1,0,0,4,8,1710,1100,1973,0,98006,47.5657,-122.149,2800,9800
2424059018,20140612T000000,1.07E+06,4,2.5,3270,35445,2,0,0,3,11,3270,0,1989,0,98006,47.548,-122.121,4180,32130
2600000210,20140611T000000,852600,4,2.5,3320,11901,2,0,0,5,9,2650,670,1977,0,98006,47.554,-122.16,2700,11114
4139420430,20140611T000000,1.37E+06,5,3.5,4210,17258,2,0,3,3,12,4210,0,1995,0,98006,47.553,-122.114,4630,17909
2205500080,20140610T000000,483300,4,2,1210,11100,1,0,0,4,7,1210,0,1955,0,98006,47.5747,-122.145,1280,11100
5603700095,20140610T000000,655275,3,1.75,2050,11856,1,0,0,3,7,1460,590,1962,0,98006,47.5735,-122.162,2670,11856
8965510190,20140610T000000,1.25E+06,4,2.5,3700,21755,1,0,4,3,11,2620,1080,1988,0,98006,47.5662,-122.108,3480,13786
2524059269,20140610T000000,915000,6,3.75,2930,14980,2,0,3,3,9,2930,0,2013,0,98006,47.5441,-122.117,3210,10787
7856000150,20140609T000000,852500,3,2.5,2630,10100,1,0,0,4,9,1580,1050,1967,0,98006,47.5638,-122.153,2400,9700
8965400010,20140606T000000,715000,3,2.5,2550,13458,2,0,0,3,9,2550,0,1990,0,98006,47.5586,-122.121,3180,13458
6067900060,20140605T000000,565000,3,2.75,2390,9966,1,0,0,5,8,1360,1030,1977,0,98006,47.5433,-122.185,2140,10713
1951700700,20140605T000000,530000,4,2.25,2210,7665,2,0,0,4,8,2210,0,1968,0,98006,47.5424,-122.168,1960,7903
1424059142,20140605T000000,799000,4,3.5,3500,8547,2,0,0,3,9,2500,1000,1994,0,98006,47.5613,-122.126,2350,10270
4139900120,20140605T000000,1.42E+06,4,5.25,4670,43950,2,0,0,3,12,4670,0,1989,0,98006,47.5456,-122.126,4900,35000
7856640560,20140604T000000,1.13E+06,5,3.5,3880,13885,2,0,3,4,9,2540,1340,1979,0,98006,47.5696,-122.156,3690,13885
7855400330,20140604T000000,1.10E+06,5,2.75,2660,8737,1,0,4,5,8,1470,1190,1969,0,98006,47.5667,-122.155,3280,8783
9346920260,20140604T000000,646000,4,2.25,2500,8500,1,0,0,4,8,1600,900,1978,0,98006,47.5615,-122.131,2290,8927
4139440830,20140603T000000,960000,5,2.75,3040,10257,2,0,0,3,10,3040,0,1993,0,98006,47.5531,-122.119,2860,9327
6071600270,20140603T000000,495000,4,2.25,2220,8872,1,0,0,4,8,1110,1110,1961,0,98006,47.5491,-122.17,2220,9106
7805450810,20140530T000000,860000,3,2.25,3060,12095,2,0,0,3,10,3060,0,1983,0,98006,47.5611,-122.106,3060,11455
7856410430,20140530T000000,1.39E+06,6,2.75,5700,20000,1,0,4,4,10,2850,2850,1977,0,98006,47.5601,-122.16,3690,15700
1687910100,20140530T000000,655000,4,2.25,2060,8470,1,0,0,3,8,1440,620,1983,0,98006,47.5605,-122.124,2180,8978
4034900065,20140530T000000,459900,3,1.75,2580,11000,1,0,0,4,7,1290,1290,1951,0,98006,47.5646,-122.181,2280,17643
4139400630,20140529T000000,860000,3,2.5,2770,9136,2,0,0,3,10,2770,0,1991,0,98006,47.5605,-122.115,2890,8442
3343301385,20140527T000000,685000,3,2.5,2810,7700,2,0,0,3,9,2810,0,2001,0,98006,47.5464,-122.191,2910,8250
4139400710,20140523T000000,782000,4,2.5,2380,9614,2,0,0,4,10,2380,0,1991,0,98006,47.5623,-122.116,2560,9770
7856610200,20140523T000000,902000,4,2.25,2530,9200,1,0,0,5,9,1570,960,1976,0,98006,47.5612,-122.152,3030,9400
4246000180,20140523T000000,433000,4,1.75,1830,9600,1,0,0,4,7,1010,820,1966,0,98006,47.5728,-122.125,1910,11100
643300180,20140523T000000,665000,3,2.75,1800,9550,1,0,0,4,7,1320,480,1966,0,98006,47.5679,-122.178,1890,9902
6071200455,20140523T000000,550000,3,2,1830,9152,1,0,0,5,8,1830,0,1959,0,98006,47.5531,-122.181,1770,9220
9552701030,20140522T000000,770000,4,2.5,2350,8001,2,0,0,4,8,2350,0,1987,0,98006,47.5478,-122.153,2460,8001
2141330700,20140522T000000,555000,4,2.25,2350,8140,1,0,0,4,8,1430,920,1977,0,98006,47.5579,-122.129,2640,8700
6072700110,20140520T000000,615000,4,2.75,2820,13193,1,0,0,3,8,1860,960,1965,0,98006,47.5579,-122.174,2580,13193
2141330050,20140520T000000,760000,4,1.75,2450,13300,1,0,2,4,9,1630,820,1987,0,98006,47.5564,-122.13,3150,15500
4139420590,20140520T000000,1.21E+06,4,3.5,4560,16643,1,0,3,3,12,2230,2330,1995,0,98006,47.5521,-122.115,4060,15177
2201500440,20140520T000000,345000,3,1.5,1240,11200,1,0,0,4,7,1240,0,1954,0,98006,47.5716,-122.138,1240,11008
7855801610,20140519T000000,1.22E+06,4,2.5,3190,8684,1,0,3,5,9,1680,1510,1967,0,98006,47.5619,-122.162,3160,8684
4139900050,20140519T000000,1.47E+06,4,3.25,5010,34460,2,0,0,3,12,5010,0,1988,0,98006,47.5469,-122.127,4760,34460
1424059154,20140516T000000,1.27E+06,4,3,5520,8313,2,0,3,3,9,3570,1950,2008,0,98006,47.5655,-122.129,3770,8278
2206500395,20140515T000000,417000,3,1.5,1340,10224,1,0,0,4,7,1340,0,1956,0,98006,47.5752,-122.157,1340,10440
2205500400,20140514T000000,542000,4,1.75,1900,8250,1,0,0,4,7,950,950,1955,0,98006,47.5765,-122.147,1480,8360
4139450360,20140514T000000,950000,4,2.5,3320,7644,2,0,0,3,10,3320,0,1995,0,98006,47.5541,-122.106,3320,9472
4128500210,20140513T000000,975000,4,2.5,3490,7494,2,0,3,3,11,3490,0,2000,0,98006,47.559,-122.127,3260,8437
2211700160,20140512T000000,450000,3,1.5,1770,17208,1,0,0,3,8,1160,610,1959,0,98006,47.5659,-122.117,2450,17118
9478400080,20140512T000000,750000,4,2.5,2980,4930,2,0,0,3,9,2890,90,2000,0,98006,47.5445,-122.12,2980,6099
4139440610,20140512T000000,746000,3,2.5,2620,8950,2,0,0,3,9,2620,0,1992,0,98006,47.5523,-122.119,2850,8809
9429500045,20140509T000000,428750,3,1,1620,30736,1.5,0,0,4,7,1620,0,1911,1977,98006,47.5719,-122.119,2440,28826
7855200120,20140509T000000,1.37E+06,4,2.75,3720,9450,1,0,4,5,10,1960,1760,1962,0,98006,47.5627,-122.156,2900,8605
7805450110,20140506T000000,736000,4,2.5,2290,12047,2,0,0,4,9,2290,0,1988,0,98006,47.5599,-122.105,3130,15666
1777600230,20140506T000000,610000,4,3,2450,10117,1,0,0,5,8,1580,870,1967,0,98006,47.5694,-122.132,2530,10125
6070500055,20140506T000000,599000,4,2.25,2260,29930,2,0,0,4,8,1400,860,1977,0,98006,47.5689,-122.126,2770,29930
1524059027,20140506T000000,675000,2,1,930,36478,1,0,2,3,6,930,0,1951,0,98006,47.5699,-122.164,2800,11141
6071200545,20140505T000000,541125,5,2.75,2740,8426,1,0,0,4,8,1370,1370,1960,0,98006,47.5563,-122.184,2020,8783
7856410030,20140505T000000,1.03E+06,5,2.75,3190,16920,1,0,3,3,9,1690,1500,1976,0,98006,47.5641,-122.16,3100,13100
2202500290,20140502T000000,435000,4,1,1450,8800,1,0,0,4,7,1450,0,1954,0,98006,47.5746,-122.135,1260,8942
5056500260,20140502T000000,440000,4,2.25,2160,8119,1,0,0,3,8,1080,1080,1966,0,98006,47.5443,-122.177,1850,9000
2201501015,20140502T000000,430000,4,1.5,1920,10000,1,0,0,4,7,1070,850,1954,0,98006,47.5725,-122.133,1450,10836
